{"schemaVersion":"1.0","appDefinitionTemplate":{"id":"/providers/Microsoft.PowerApps/apps/","type":"Microsoft.PowerApps/apps","tags":{"primaryDeviceWidth":"1919","primaryDeviceHeight":"852","supportsPortrait":"true","supportsLandscape":"true","primaryFormFactor":"Tablet","publisherVersion":"3.22111.28","minimumRequiredApiVersion":"2.2.0","hasComponent":"true","hasUnlockedComponent":"true","isUnifiedRootApp":"false","sienaVersion":"20221205T053220Z-3.22111.28.0"},"properties":{"appVersion":"2022-12-05T05:32:20Z","lifeCycleId":"Published","createdByClientVersion":{"major":3,"minor":22111,"build":28,"revision":0,"majorRevision":0,"minorRevision":0},"minClientVersion":{"major":3,"minor":22111,"build":28,"revision":0,"majorRevision":0,"minorRevision":0},"backgroundColor":"RGBA(0,176,240,1)","backgroundImageUri":"/9423710317027480204/N17665909-e44d-410f-8afa-0c0d42e13c6c-logoSmallFile","displayName":"Canteen","description":"","commitMessage":"","appUris":{"documentUri":{"value":"/9423710317027480204/Nbadf281c-1ddb-4e4a-b639-a0c85dc810f5-document.msapp"},"imageUris":[],"additionalUris":[]},"createdTime":"0001-01-01T00:00:00Z","lastModifiedTime":"0001-01-01T00:00:00Z","sharedGroupsCount":0,"sharedUsersCount":0,"icons":{"smallIconUri":"/9423710317027480204/Nba525036-aea0-4f32-a973-218080e58d34-small.png","mediumIconUri":"/9423710317027480204/N20c621dd-e1d5-4d27-b7bc-ac5331140a7c-medium.png","largeIconUri":"/9423710317027480204/Nf897ad6e-387d-43f9-9b0f-9b5f464c2394-large.png","wideIconUri":"/9423710317027480204/N603fc512-350b-40e1-80a6-ebfb945b14c0-wide.png"},"connectionReferences":{"c10ac362-c3aa-4282-8657-c5fd51620b4b":{"id":"5b2ef73a-1d2e-4f10-a5d3-965c4a7ae91a","displayName":"Office 365 Users","iconUri":"https://connectoricons-prod.azureedge.net/releases/v1.0.1593/1.0.1593.2980/office365users/icon.png","dataSources":["Office365Users"],"dependencies":[],"dependents":[],"parameterHints":{},"parameterHintsV2":{},"isOnPremiseConnection":false,"bypassConsent":false,"dataSets":{},"apiTier":"Standard","isCustomApiConnection":false,"actions":["MyProfile"]},"a3972ec6-a964-47b0-8a0b-a4248c51ec90":{"id":"f53d12fe-8d15-4655-b4f4-459796ff6dfc","displayName":"SharePoint","iconUri":"https://connectoricons-prod.azureedge.net/releases/v1.0.1610-greyhound-localization-RelayFix/1.0.1610.3091/sharepointonline/icon.png","dataSources":["Canteen_SharedManagementList","MenuList","OrderList","TableList","Canteen_SharedManagementList_1","FloorList"],"dependencies":[],"dependents":[],"parameterHints":{},"parameterHintsV2":{},"isOnPremiseConnection":false,"bypassConsent":false,"dataSets":{"https://m365x95503722.sharepoint.com/sites/Canteen":{"dataSources":{"Canteen_SharedManagementList":{"tableName":"fc163d36-ea75-49a0-bf14-147831c445a3"},"MenuList":{"tableName":"e86131b3-cfbf-4b18-a562-4751058722a4"},"OrderList":{"tableName":"29b53714-f93b-473c-902a-0dcc23271fd7"},"TableList":{"tableName":"6576bd91-6ea1-4323-87a3-c867604f1db0"},"Canteen_SharedManagementList_1":{"tableName":"fc163d36-ea75-49a0-bf14-147831c445a3"},"FloorList":{"tableName":"5893bbb2-55fb-4ce8-81f5-7e7ee2374f56"}}}},"apiTier":"Standard","isCustomApiConnection":false,"actions":["providers/PowerPlatform.Governance/Operations/Read","providers/PowerPlatform.Governance/Operations/Write","providers/PowerPlatform.Governance/Operations/Delete"]}},"databaseReferences":{},"almMode":"Environment","performanceOptimizationEnabled":true,"canConsumeAppPass":true,"enableModernRuntimeMode":false,"executionRestrictions":{"isTeamsOnly":false,"dataLossPreventionEvaluationResult":{"status":"Compliant","lastEvaluationDate":"2022-10-17T04:01:39.757348Z","violations":[],"violationsByPolicy":[],"violationErrorMessage":"The app uses the following connectors: ."}}},"appType":"ClassicCanvasApp","appComponents":[]}}