{"schemaVersion":"1.0","appDefinitionTemplate":{"id":"/providers/Microsoft.PowerApps/apps/","type":"Microsoft.PowerApps/apps","tags":{"primaryDeviceWidth":"640","primaryDeviceHeight":"1136","supportsPortrait":"true","supportsLandscape":"false","primaryFormFactor":"Phone","publisherVersion":"3.22114.18","minimumRequiredApiVersion":"2.2.0","hasComponent":"false","hasUnlockedComponent":"false","isUnifiedRootApp":"false","sienaVersion":"20221212T053217Z-3.22114.18.0"},"properties":{"appVersion":"2022-12-12T05:32:17Z","lifeCycleId":"Published","createdByClientVersion":{"major":3,"minor":22114,"build":18,"revision":0,"majorRevision":0,"minorRevision":0},"minClientVersion":{"major":3,"minor":22114,"build":18,"revision":0,"majorRevision":0,"minorRevision":0},"backgroundColor":"RGBA(0,176,240,1)","backgroundImageUri":"/4246137886917619423/N9509f09c-c0fd-498d-aaf4-224f0602a6e7-logoSmallFile","displayName":"Canteen Management Mobile","description":"","commitMessage":"","appUris":{"documentUri":{"value":"/4246137886917619423/N73d1cde8-795d-4a81-a5ec-5588a84db808-document.msapp"},"imageUris":[],"additionalUris":[]},"createdTime":"0001-01-01T00:00:00Z","lastModifiedTime":"0001-01-01T00:00:00Z","sharedGroupsCount":0,"sharedUsersCount":0,"icons":{"smallIconUri":"/4246137886917619423/N67a50405-19ba-408d-8a6c-b82a9530e6e5-small.png","mediumIconUri":"/4246137886917619423/Nf88948aa-8a34-435f-a068-49d6cf697e91-medium.png","largeIconUri":"/4246137886917619423/Nc2be357f-05ba-4af7-905a-a51174e45285-large.png","wideIconUri":"/4246137886917619423/Ne57df86a-291e-4b52-99c5-06b2274ade14-wide.png"},"connectionReferences":{"cdb3bcde-6a49-42f9-9162-a0a5960a6393":{"id":"5a83e739-ae91-4848-89c6-71d06b516b33","displayName":"Office 365 Users","iconUri":"https://connectoricons-prod.azureedge.net/releases/v1.0.1611/1.0.1611.3104/office365users/icon.png","dataSources":["Office365Users"],"dependencies":[],"dependents":[],"parameterHints":{},"parameterHintsV2":{},"isOnPremiseConnection":false,"bypassConsent":false,"dataSets":{},"apiTier":"Standard","isCustomApiConnection":false,"actions":["SearchUser"]},"1f854b82-3611-4559-90c1-5528b529407f":{"id":"5cd850ba-8353-4d6f-b7d5-bae5ef6b0ac3","displayName":"SharePoint","iconUri":"https://connectoricons-prod.azureedge.net/u/juanq/gateway/greyhound/3000.150.11/1.0.1613.3116/sharepointonline/icon.png","dataSources":["Admin list","Documents","Food list","Menu Choices","Menu list","Order list","TimeSettingList"],"dependencies":[],"dependents":[],"parameterHints":{},"parameterHintsV2":{},"isOnPremiseConnection":false,"bypassConsent":false,"dataSets":{"https://m365x51961090.sharepoint.com/sites/canteen-management-resource":{"dataSources":{"Admin list":{"tableName":"b142f9e5-9853-449c-9d4c-9539f2685277"},"Documents":{"tableName":"31c24c5f-c768-41a6-8ad0-97a84a229212"},"Food list":{"tableName":"f8093eab-8f8e-4617-afa4-d5264dc2dcac"},"Menu Choices":{"tableName":"a39c5ff4-33aa-45f8-930b-e7ad25471d42"},"Menu list":{"tableName":"96d5a11f-69b3-40e1-b989-459a7257b8d4"},"Order list":{"tableName":"3503bfd8-6361-45dc-a398-48e531bc160c"},"TimeSettingList":{"tableName":"30043b64-0be4-4d79-bcc8-3c29e9cbecd8"}}}},"apiTier":"Standard","isCustomApiConnection":false,"actions":["providers/PowerPlatform.Governance/Operations/Read","providers/PowerPlatform.Governance/Operations/Write"]}},"databaseReferences":{},"almMode":"Environment","performanceOptimizationEnabled":true,"canConsumeAppPass":true,"enableModernRuntimeMode":false,"executionRestrictions":{"isTeamsOnly":false,"dataLossPreventionEvaluationResult":{"status":"Compliant","lastEvaluationDate":"2022-05-30T04:20:25.9118892Z","violations":[],"violationsByPolicy":[],"violationErrorMessage":"The app uses the following connectors: ."}}},"appType":"ClassicCanvasApp","appComponents":[]}}